"","name_stocks","f1","accuracy","precision","recall"
"1","",0,0,0,0
"2","Ibovespa",0.0759493670886076,NA,1,0.0394736842105263
"3","Ibrx100",0.136585365853659,NA,0.933333333333333,0.0736842105263158
"4","Ibrx50",0.136585365853659,NA,0.933333333333333,0.0736842105263158
"5","Ibra",0.0155844155844156,NA,0.6,0.00789473684210526
"6","IGC",0.0833333333333333,NA,0.833333333333333,0.043859649122807
