"","name_stocks","f1","accuracy","precision","recall"
"1","",0,0,0,0
"2","CSI 1000",0.185714285714286,NA,0.975,0.102631578947368
"3","Shangai",0.225757575757576,NA,0.827777777777778,0.130701754385965
"4","SZSE Component",0.168253968253968,NA,0.883333333333333,0.0929824561403509
"5","HSCE",0.166666666666667,NA,0.875,0.0921052631578947
"6","A50",0.187596899224806,NA,0.806666666666667,0.106140350877193
