"","name_serie","f1","precision","recall"
"1","",0,0,0
"2","serie",0.409240924092409,0.291079812206573,0.688888888888889
