"","name_stocks","f1","precision","recall"
"1","",0,0,0
"2","CSI 1000",0.221468926553672,0.272222222222222,0.186666666666667
"3","Shangai",0.2,0.185365853658537,0.217142857142857
"4","SZSE Component",0.174509803921569,0.17979797979798,0.16952380952381
"5","HSCE",0.255555555555556,0.248648648648649,0.262857142857143
"6","A50",0.230769230769231,0.209302325581395,0.257142857142857
